id,name,email,gender,status
1731065,Deependra Varrier,deependra_varrier@runolfsson.example,female,active
1731064,Aatreya Varman,aatreya_varman@reichert.example,female,inactive
1731063,Chandi Chopra,chandi_chopra@abernathy-gusikowski.test,female,active
1731061,Sukanya Banerjee,sukanya_banerjee@maggio.example,male,inactive
1731060,Sameer Chopra,sameer_chopra@bins.example,female,inactive
1731059,Ramesh Butt,ramesh_butt@white.example,male,active
1731058,Ananda Desai,ananda_desai@senger-leuschke.example,male,inactive
1731056,Dharmaketu Mehra,dharmaketu_mehra@glover.test,female,active
1731054,Kanak Saini,saini_kanak@bartoletti.example,male,active
1731053,Krishnadasa Kaniyar PhD,krishnadasa_kaniyar_phd@cole.test,female,inactive
